metric,0
long_l,0.6633820352148817
long_l/2,0.6984829691823299
long_l/5,0.7403206474085158
med_l,0.6547034486254285
med_l/2,0.6868937442356009
med_l/5,0.7540603808190748
short_l,0.6053531942394079
short_l/2,0.6496326686384887
short_l/5,0.7635285694749459
